{
  "projectname": "geo_Demo",
  "setting": {
    "urlCheck": false,
    "preloadBackgroundData": false,
    "coverView": true,
    "autoAudits": false,
    "showShadowRootInWxmlPanel": true,
    "checkInvalidKey": true,
    "compileHotReLoad": false,
    "useMultiFrameRuntime": true,
    "useApiHook": false,
    "useApiHostProcess": false,
    "useIsolateContext": false,
    "lazyloadPlaceholderEnable": false,
    "useStaticServer": true,
    "showES6CompileOption": false
  },
  "description": "项目私有配置文件。此文件中的内容将覆盖 project.config.json 中的相同字段。项目的改动优先同步到此文件中。详见文档：https://developers.weixin.qq.com/miniprogram/dev/devtools/projectconfig.html"
}