{
  "projectname": "color_ui_demo",
  "description": "项目私有配置文件。此文件中的内容将覆盖 project.config.json 中的相同字段。项目的改动优先同步到此文件中。详见文档：https://developers.weixin.qq.com/miniprogram/dev/devtools/projectconfig.html",
  "setting": {
    "urlCheck": true,
    "coverView": true,
    "compileHotReLoad": true,
    "preloadBackgroundData": false,
    "autoAudits": false,
    "useIsolateContext": true,
    "showShadowRootInWxmlPanel": true,
    "lazyloadPlaceholderEnable": false,
    "useMultiFrameRuntime": true,
    "useStaticServer": true,
    "showES6CompileOption": false,
    "checkInvalidKey": true
  }
}